{"accuracy": [0.5934561491012573, 0.8543282151222229, 0.9123550653457642, 0.9376342296600342, 0.9528842568397522, 0.9648481607437134, 0.9709510207176208, 0.975332498550415, 0.9797709584236145, 0.9812362194061279], "loss": [1.3891574144363403, 0.45650815963745117, 0.2718970477581024, 0.19216425716876984, 0.1419082134962082, 0.1094609797000885, 0.08935239166021347, 0.07654689252376556, 0.062394361943006516, 0.05918281897902489], "val_accuracy": [0.8490780591964722, 0.9077509641647339, 0.9241976141929626, 0.9373434782028198, 0.9276121258735657, 0.9586273431777954, 0.9409287571907043, 0.9566355347633362, 0.9442294836044312, 0.9669929146766663], "val_loss": [0.4923926293849945, 0.29483330249786377, 0.23355624079704285, 0.19844260811805725, 0.22784142196178436, 0.13033775985240936, 0.19440247118473053, 0.13948750495910645, 0.2084178328514099, 0.10845392197370529]}